alias krystle \"Krystle Acquah\" <krystle.acquah-arhin13@imperial.ac.uk>
alias khoi \"Khoi Nguyen\" <khoi@member.fsf.org>
alias me \"Urbain Vaes\" <urbainvaes90@gmail.com>
alias amanda \"Amanda Diez\" <amanda.diez10@imperial.ac.uk>
alias vaes \"Christophe & Nathalies Vaes\" <vaesvdb@gmail.com>
alias greg \"Greg Pavliotis\" <g.pavliotis@imperial.ac.uk>
alias tina \"Tina\" <tina@astberrys.co.uk>
alias rusudan \"Svanidze, Rusudan\" <r.svanidze@imperial.ac.uk>
alias mathieu \"Majorel, Mathieu R\" <mathieu.majorel13@imperial.ac.uk>
alias jul Julien Vaes <vaesjulien1993@gmail.com>
alias assyr Assyr Abdulle <assyr.abdulle@epfl.ch>
alias gradschool Graduate school <graduate.school@imperial.ac.uk>
alias virginie.ledouble Virginie Ledouble <virginie.ledouble@epfl.ch>
alias anderson.santos \"Santos, Anderson D S\" <a.santos@imperial.ac.uk>
alias nick.jones \"Jones, Nick\" <nick.jones@imperial.ac.uk>
alias pierre.blacque \"Blacque, Pierre\" <pierremathieu.blacque10@imperial.ac.uk>
alias amanda.diez \"Diez Fernandez, Amanda\" <amanda.diez10@imperial.ac.uk>
alias colin.cotter Colin Cotter <colin.cotter@imperial.ac.uk>
alias eric.keaveny \"Keaveny, Eric E\" <e.keaveny@imperial.ac.uk>
